name,mae,rmse,r2
decision_tree,0.0659917219777146,0.09268866032425677,0.7686751426896818
linear_regression,0.0817416144965467,0.10744941443933909,0.6891311555373865
